OrderID,Date,Product,Category,Region,Customer,Quantity,UnitPrice,Discount,Revenue,SalesRep
ORD-00001,2024-03-12,Wireless Mouse,Accessories,North,Startup,1.0,1861.62,0.0,1861.62,Rep03
ORD-00002,2024/04/29,Noise Cancelling Headphones,Accessories,Central,Startup,7.0,108.49,0.0,759.43,Rep01
ORD-00003,2024-08-02,Tablet Stand,Furniture,South,Government,4.0,1798.56,0.1,6474.82,Rep19
ORD-00004,2024-08-04,USB-C Hub,Accessories,East,Individual,,1904.24,0.0,1904.24,Rep05
ORD-00005,2024-07-02,27-inch Monitor,Electronics,East,Startup,6.0,282.45,0.05,1609.96,Rep09
ORD-00006,2024-07-12,Laptop Pro,Electronics,North,Startup,8.0,1354.47,0.2,8668.61,Rep10
ORD-00007,2024-01-24,Noise Cancelling Headphones,Accessories,South,Individual,6.0,1456.05,0.1,7862.67,Rep03
ORD-00008,2024-07-05,27-inch Monitor,Electronics,South,Individual,2.0,968.9,0.05,1840.91,Rep12
ORD-00009,2024-02-06,27-inch Monitor,Electronics,Central,Education,5.0,1763.49,0.1,7935.71,Rep18
ORD-00010,2024-11-23,27-inch Monitor,Electronics,Central,Education,3.0,1171.77,0.0,3515.31,Rep11
ORD-00011,2024-07-24,Laptop Pro,Electronics,East,Enterprise,4.0,2059.84,0.15,7003.46,Rep07
ORD-00012,2024-11-25,Noise Cancelling Headphones,Accessories,West,Education,6.0,555.18,0.05,3164.53,Rep09
ORD-00013,2024-10-26,Mechanical Keyboard,Accessories,West,Startup,4.0,1870.11,0.05,7106.42,Rep13
ORD-00014,2024-09-09,Webcam HD,Electronics,North,Enterprise,4.0,2493.38,0.0,9973.52,Rep04
ORD-00015,2024-02-02,Mechanical Keyboard,Accessories,West,Government,3.0,1986.43,0.05,5661.33,Rep20
ORD-00016,2024-01-06,External SSD,Electronics,North,Startup,9.0,650.98,0.05,5565.88,Rep09
ORD-00017,2024-01-02,Webcam HD,Electronics,East,Startup,2.0,754.94,0.0,1509.88,Rep06
ORD-00018,2024-11-23,Tablet Stand,Furniture,Central,Startup,2.0,2180.17,0.0,4360.34,Rep07
ORD-00019,2024-09-28,Mechanical Keyboard,Accessories,North,Startup,N/A,1913.39,0.05,10906.32,Rep11
ORD-00020,2024-06-06,External SSD,Electronics,South,Enterprise,1.0,306.3,0.05,290.99,Rep08
ORD-00021,2024-02-05,Noise Cancelling Headphones,Accessories,Central,Education,2.0,241.55,0.05,458.94,Rep05
ORD-00022,2024-11-06,External SSD,Electronics,West,Education,9.0,437.85,0.05,3743.62,Rep18
ORD-00023,2024/07/10,27-inch Monitor,Electronics,West,Startup,5.0,1015.5,0.1,4569.75,Rep15
ORD-00024,2024-10-28,Wireless Mouse,Accessories,Central,Education,4.0,584.99,0.05,2222.96,Rep19
ORD-00025,2024-04-27,27-inch Monitor,Electronics,,Enterprise,1.0,205.34,0.1,184.81,Rep11
ORD-00026,2024-04-19,Wireless Mouse,Accessories,Central,Education,9.0,617.86,0.1,5004.67,Rep19
ORD-00027,2024-07-27,Noise Cancelling Headphones,Accessories,South,Enterprise,8.0,630.19,0.05,4789.44,Rep04
ORD-00028,2024-01-28,Desk Lamp,Furniture,North,Enterprise,6.0,1076.23,0.05,6134.51,Rep13
ORD-00029,2024-08-17,Webcam HD,Electronics,South,Government,2.0,644.17,0.0,1288.34,Rep06
ORD-00030,2024-08-14,USB-C Hub,Accessories,Central,Enterprise,8.0,647.01,0.15,4399.67,Rep02
ORD-00031,2024-05-01,Tablet Stand,Furniture,South,Government,1.0,2423.41,0.15,2059.9,Rep16
ORD-00032,2024-03-25,External SSD,Electronics,West,Enterprise,4.0,2165.68,0.15,7363.31,Rep13
ORD-00033,2024-10-11,USB-C Hub,Accessories,West,Education,8.0,734.56,0.1,,Rep07
ORD-00034,2024-10-04,USB-C Hub,Accessories,North,Individual,4.0,2422.7,0.05,9206.26,Rep02
ORD-00035,2024-09-28,Laptop Pro,Electronics,South,Enterprise,10.0,1207.66,0.15,10265.11,Rep17
ORD-00036,2024-04-30,Wireless Mouse,Accessories,West,Enterprise,3.0,199.24,0.0,597.72,Rep19
ORD-00037,2024-08-02,27-inch Monitor,Electronics,Central,Startup,10.0,1498.45,0.1,13486.05,Rep17
ORD-00038,2024-05-02,Webcam HD,Electronics,East,Government,5.0,534.51,0.1,2405.3,Rep05
ORD-00039,2024-02-07,USB-C Hub,Accessories,North,Government,8.0,810.95,0.1,5838.84,Rep20
ORD-00040,2024-05-15,Noise Cancelling Headphones,Accessories,South,Individual,2.0,210.94,0.0,421.88,Rep03
ORD-00041,2024-10-05,27-inch Monitor,Electronics,East,Startup,6.0,733.91,0.05,4183.29,Rep17
ORD-00042,2024-03-09,Laptop Pro,Electronics,East,Enterprise,9.0,769.46,0.1,6232.63,Rep04
ORD-00043,2024-06-24,Tablet Stand,Furniture,South,Individual,3.0,702.69,0.1,,Rep17
ORD-00044,2024-02-17,External SSD,Electronics,West,Individual,5.0,2266.17,0.15,9631.22,Rep02
ORD-00045,2024-05-14,Laptop Pro,Electronics,South,Government,6.0,1934.65,0.1,10447.11,Rep18
ORD-00046,2024-12-19,Desk Lamp,Furniture,South,Startup,9.0,53.87,0.0,484.83,Rep02
ORD-00047,2024-01-22,Webcam HD,Electronics,East,Individual,10.0,1394.73,0.05,13249.93,Rep02
ORD-00048,2024-06-30,Webcam HD,Electronics,Central,Government,4.0,1714.69,0.1,6172.88,Rep20
ORD-00049,2024-03-31,Mechanical Keyboard,Accessories,West,Enterprise,4.0,2165.57,0.2,6929.82,Rep06
ORD-00050,2024-05-07,Webcam HD,Electronics,East,Education,7.0,2011.51,0.15,11968.48,Rep04
ORD-00051,2024-08-23,Desk Lamp,Furniture,East,Individual,1.0,2150.72,0.0,2150.72,Rep08
ORD-00052,2024-05-22,27-inch Monitor,Electronics,North,Individual,1.0,1660.27,0.05,1577.26,Rep12
ORD-00053,2024-06-18,Tablet Stand,Furniture,North,Enterprise,7.0,1708.4,0.15,10164.98,Rep09
ORD-00054,2024-02-25,Mechanical Keyboard,Accessories,Central,Government,10.0,2407.45,0.0,24074.5,Rep12
ORD-00055,2024-07-16,Webcam HD,Electronics,Central,Education,7.0,1527.33,0.05,10156.74,Rep09
ORD-00056,2024-10-02,Laptop Pro,Electronics,South,Individual,7.0,34.17,0.15,203.31,Rep14
ORD-00057,2024-03-04,Wireless Mouse,Accessories,East,Startup,6.0,1569.18,0.1,8473.57,Rep10
ORD-00058,2024-03-06,Desk Lamp,Furniture,,Government,6.0,1023.92,0.0,6143.52,Rep13
ORD-00059,2024-01-01,Mechanical Keyboard,Accessories,East,Individual,10.0,1435.68,0.05,13638.96,Rep07
ORD-00060,2024-08-14,Desk Lamp,Furniture,West,Education,10.0,1528.44,0.05,14520.18,Rep17
ORD-00061,2024-12-05,External SSD,Electronics,Central,Individual,3.0,1657.35,0.0,4972.05,Rep03
ORD-00062,2024-01-13,27-inch Monitor,Electronics,North,Education,5.0,584.85,0.0,2924.25,Rep16
ORD-00063,2024-10-21,Noise Cancelling Headphones,Accessories,South,Government,2.0,1154.87,0.15,1963.28,Rep16
ORD-00064,2024-02-24,Desk Lamp,Furniture,West,Education,4.0,394.49,0.1,1420.16,Rep06
ORD-00065,2024-03-03,Tablet Stand,Furniture,West,Education,8.0,154.03,0.0,1232.24,Rep15
ORD-00066,2024-08-14,Tablet Stand,Furniture,Central,Startup,9.0,1500.76,0.2,10805.47,Rep14
ORD-00067,2024-08-31,Tablet Stand,Furniture,West,Individual,8.0,2246.09,0.1,16171.85,Rep08
ORD-00068,2024-08-13,USB-C Hub,Accessories,North,Individual,9.0,1226.94,0.0,11042.46,Rep08
ORD-00069,2024-03-11,USB-C Hub,Accessories,South,Education,,819.67,0.05,4672.12,Rep13
ORD-00070,2024-10-04,Mechanical Keyboard,Accessories,West,Government,,188.64,0.05,716.83,Rep02
ORD-00071,2024-12-22,27-inch Monitor,Electronics,North,Startup,7.0,992.0,0.1,6249.6,Rep13
ORD-00072,2024-07-18,External SSD,Electronics,West,Startup,1.0,2358.56,0.0,2358.56,Rep18
ORD-00073,2024-09-05,Noise Cancelling Headphones,Accessories,North,Government,4.0,1235.92,0.0,4943.68,Rep11
ORD-00074,2024-11-14,Desk Lamp,Furniture,Central,Enterprise,3.0,2106.04,0.15,5370.4,Rep13
ORD-00075,2024-08-07,Noise Cancelling Headphones,Accessories,South,Government,10.0,1667.6,0.0,16676.0,Rep06
ORD-00076,2024-06-16,Laptop Pro,Electronics,East,Government,5.0,966.38,0.0,4831.9,Rep09
ORD-00077,2024-10-03,Desk Lamp,Furniture,North,Individual,5.0,2092.22,0.05,9938.04,Rep08
ORD-00078,2024-04-12,Wireless Mouse,Accessories,North,Startup,1.0,1892.95,0.15,1609.01,Rep05
ORD-00079,2024-04-21,27-inch Monitor,Electronics,West,Individual,3.0,1199.69,0.0,3599.07,Rep12
ORD-00080,2024-02-28,Mechanical Keyboard,Accessories,,Individual,10.0,1529.89,0.1,13769.01,Rep04
ORD-00081,2024-07-11,Noise Cancelling Headphones,Accessories,West,Education,1.0,2324.34,0.05,2208.12,Rep03
ORD-00082,2024-12-16,Noise Cancelling Headphones,Accessories,Central,Enterprise,,281.69,0.1,1014.08,Rep19
ORD-00083,2024-02-05,Laptop Pro,Electronics,Central,Individual,6.0,1345.87,0.1,7267.7,Rep01
ORD-00084,2024-11-21,Desk Lamp,Furniture,West,Education,8.0,290.67,0.2,1860.29,Rep14
ORD-00085,2024-10-02,Mechanical Keyboard,Accessories,West,Government,9.0,2414.71,0.0,21732.39,Rep14
ORD-00086,2024-02-14,Noise Cancelling Headphones,Accessories,East,Government,5.0,826.08,0.0,4130.4,Rep08
ORD-00087,2024-01-15,External SSD,Electronics,West,Individual,10.0,1537.51,0.05,14606.34,Rep06
ORD-00088,2024-05-23,External SSD,Electronics,Central,Individual,4.0,906.41,0.0,3625.64,Rep18
ORD-00089,2024-07-27,Laptop Pro,Electronics,West,Startup,9.0,2371.7,0.0,21345.3,Rep08
ORD-00090,2024-05-30,External SSD,Electronics,South,Government,8.0,1136.98,0.0,9095.84,Rep08
ORD-00091,2024-06-25,USB-C Hub,Accessories,West,Startup,10.0,941.47,0.05,8943.97,Rep11
ORD-00092,2024-03-02,Webcam HD,Electronics,South,Individual,8.0,99999.99,0.0,5593.2,Rep04
ORD-00093,2024-05-21,Tablet Stand,Furniture,Central,Startup,3.0,503.1,0.1,1358.37,Rep20
ORD-00094,2024-07-03,USB-C Hub,Accessories,South,Individual,2.0,2086.58,0.0,4173.16,Rep01
ORD-00095,2024-10-10,Tablet Stand,Furniture,East,Education,3.0,707.54,0.2,1698.1,Rep16
ORD-00096,2024-08-13,Wireless Mouse,Accessories,East,Education,1.0,1447.93,0.05,1375.53,Rep02
ORD-00097,2024-09-08,USB-C Hub,Accessories,North,Startup,8.0,311.79,0.0,2494.32,Rep02
ORD-00098,2024-02-13,Mechanical Keyboard,Accessories,South,Enterprise,3.0,2033.51,0.15,5185.45,Rep18
ORD-00099,2024-09-24,Desk Lamp,Furniture,West,Government,10.0,1502.42,0.1,13521.78,Rep15
ORD-00100,2024-11-13,USB-C Hub,Accessories,North,Startup,10.0,2475.37,0.05,23516.01,Rep04
ORD-00101,2024-05-02,27-inch Monitor,Electronics,South,Startup,4.0,683.67,0.0,2734.68,Rep03
ORD-00102,2024-08-28,Mechanical Keyboard,Accessories,East,Enterprise,1.0,1039.03,0.1,935.13,Rep08
ORD-00103,2024-12-17,USB-C Hub,Accessories,South,Individual,5.0,1766.37,0.05,8390.26,Rep19
ORD-00104,2024-03-17,27-inch Monitor,Electronics,East,Education,7.0,313.49,0.0,2194.43,Rep03
ORD-00105,2024-10-18,Laptop Pro,Electronics,,Government,3.0,1987.78,0.05,5665.17,Rep04
ORD-00106,2024-09-13,External SSD,Electronics,Central,Government,5.0,1758.33,0.15,7472.9,Rep15
ORD-00107,2024-06-14,Wireless Mouse,Accessories,Central,Individual,10.0,128.45,0.05,1220.27,Rep01
ORD-00108,2024-10-21,Wireless Mouse,Accessories,Central,Enterprise,4.0,2405.91,0.15,8180.09,Rep09
ORD-00109,2024-09-22,Noise Cancelling Headphones,Accessories,West,Individual,1.0,1914.87,0.0,1914.87,Rep06
ORD-00110,2024-02-16,Noise Cancelling Headphones,Accessories,West,Individual,7.0,1597.91,0.05,10626.1,Rep14
ORD-00111,2024-06-17,Webcam HD,Electronics,West,Government,6.0,1685.22,0.15,,Rep10
ORD-00112,2024-05-09,Desk Lamp,Furniture,East,Enterprise,9.0,120.63,0.0,1085.67,Rep13
ORD-00113,2024-07-30,Tablet Stand,Furniture,North,Education,1.0,1654.41,0.05,1571.69,Rep17
ORD-00114,2024-01-27,Webcam HD,Electronics,South,Individual,10.0,1898.4,0.1,17085.6,Rep18
ORD-00115,2024-03-03,Mechanical Keyboard,Accessories,North,Startup,5.0,1112.14,0.1,5004.63,Rep08
ORD-00116,2024-02-17,Mechanical Keyboard,Accessories,South,Enterprise,5.0,1390.56,0.05,6605.16,Rep15
ORD-00117,2024/09/17,Wireless Mouse,Accessories,East,Government,3.0,1260.98,0.1,3404.65,Rep16
ORD-00118,2024-04-07,External SSD,Electronics,Central,Startup,4.0,1158.25,0.0,4633.0,Rep05
ORD-00119,2024-06-23,Wireless Mouse,Accessories,Central,Individual,5.0,1938.5,0.15,,Rep01
ORD-00120,2024-12-03,USB-C Hub,Accessories,West,Education,5.0,2098.56,0.05,9968.16,Rep15
ORD-00121,2024-10-05,Tablet Stand,Furniture,West,Government,8.0,882.45,0.05,6706.62,Rep11
ORD-00122,2024-07-29,27-inch Monitor,Electronics,North,Individual,4.0,1442.33,0.0,5769.32,Rep16
ORD-00123,2024-11-29,Desk Lamp,Furniture,South,Government,7.0,2471.37,0.1,15569.63,Rep02
ORD-00124,2024-02-21,Mechanical Keyboard,Accessories,West,Enterprise,9.0,2414.41,0.05,,Rep17
ORD-00125,2024-12-01,External SSD,Electronics,South,Enterprise,1.0,1814.43,0.05,1723.71,Rep16
ORD-00126,2024-02-11,USB-C Hub,Accessories,East,Startup,6.0,1569.44,0.05,,Rep13
ORD-00127,2024-02-05,Webcam HD,Electronics,South,Individual,8.0,2184.78,0.0,17478.24,Rep08
ORD-00128,2024-12-26,Wireless Mouse,Accessories,North,Government,7.0,2446.48,0.1,15412.82,Rep06
ORD-00129,2024-05-30,USB-C Hub,Accessories,East,Individual,1.0,143.59,0.1,129.23,Rep14
ORD-00130,2024-04-02,Mechanical Keyboard,Accessories,South,Education,4.0,1341.97,0.05,5099.49,Rep03
ORD-00131,2024-10-25,Noise Cancelling Headphones,Accessories,South,Education,7.0,1560.67,0.0,10924.69,Rep15
ORD-00132,2024-08-26,USB-C Hub,Accessories,East,Startup,8.0,660.65,0.0,5285.2,Rep06
ORD-00133,2024-06-02,Wireless Mouse,Accessories,West,Individual,8.0,2364.72,0.2,15134.21,Rep15
ORD-00134,2024-02-24,USB-C Hub,Accessories,South,Government,4.0,2498.44,0.15,8494.7,Rep19
ORD-00135,2024-01-12,Webcam HD,Electronics,West,Individual,10.0,760.79,0.1,6847.11,Rep01
ORD-00136,2024-05-26,Noise Cancelling Headphones,Accessories,South,Startup,1.0,2279.21,0.1,,Rep12
ORD-00137,2024-12-03,27-inch Monitor,Electronics,South,Enterprise,4.0,1563.59,0.1,5628.92,Rep02
ORD-00138,2024-03-08,USB-C Hub,Accessories,North,Individual,8.0,112.4,0.05,854.24,Rep11
ORD-00139,2024-07-06,Desk Lamp,Furniture,Central,Startup,3.0,525.95,0.1,1420.07,Rep09
ORD-00140,2024-05-31,Mechanical Keyboard,Accessories,East,Enterprise,5.0,2287.69,0.15,9722.68,Rep15
ORD-00141,2024-12-12,Wireless Mouse,Accessories,West,Startup,3.0,1892.74,0.0,5678.22,Rep12
ORD-00142,2024-08-20,Wireless Mouse,Accessories,East,Individual,7.0,64.37,0.05,428.06,Rep19
ORD-00143,2024-01-13,Desk Lamp,Furniture,Central,Startup,6.0,297.6,0.0,1785.6,Rep11
ORD-00144,2024-08-25,Noise Cancelling Headphones,Accessories,East,Government,4.0,1629.69,0.1,5866.88,Rep04
ORD-00145,2024-09-09,Mechanical Keyboard,Accessories,North,Enterprise,1.0,2367.26,0.05,2248.9,Rep08
ORD-00146,2024-12-22,Tablet Stand,Furniture,Central,Government,3.0,989.95,0.05,2821.36,Rep19
ORD-00147,2024-11-11,Mechanical Keyboard,Accessories,West,Individual,7.0,1647.65,0.15,9803.52,Rep02
ORD-00148,2024-07-04,Webcam HD,Electronics,North,Individual,4.0,1125.15,0.2,3600.48,Rep18
ORD-00149,2024-03-03,Webcam HD,Electronics,West,Enterprise,1.0,1013.39,0.0,1013.39,Rep07
ORD-00150,2024-03-05,Noise Cancelling Headphones,Accessories,Central,Education,1.0,154.92,0.05,147.17,Rep03
ORD-00151,2024-04-29,Tablet Stand,Furniture,East,Education,4.0,1478.36,0.15,5026.42,Rep20
ORD-00152,2024-03-07,Laptop Pro,Electronics,Central,Individual,5.0,2150.25,0.0,10751.25,Rep06
ORD-00153,2024-05-01,Wireless Mouse,Accessories,,Individual,1.0,355.54,0.05,337.76,Rep01
ORD-00154,2024-09-26,Mechanical Keyboard,Accessories,North,Enterprise,5.0,159.42,0.1,717.39,Rep16
ORD-00155,2024-09-14,External SSD,Electronics,South,Startup,6.0,1297.69,0.0,7786.14,Rep02
ORD-00156,2024-02-01,Tablet Stand,Furniture,West,Government,5.0,1161.36,0.2,4645.44,Rep14
ORD-00157,2024-02-11,Wireless Mouse,Accessories,East,Startup,8.0,1789.62,0.05,,Rep05
ORD-00158,2024-10-07,Wireless Mouse,Accessories,East,Government,3.0,709.28,0.1,1915.06,Rep20
ORD-00159,2024-02-20,Tablet Stand,Furniture,North,Startup,5.0,1150.67,0.1,5178.02,Rep07
ORD-00160,2024-08-20,Desk Lamp,Furniture,West,Government,8.0,2223.57,0.05,16899.13,Rep04
ORD-00161,2024-03-19,Webcam HD,Electronics,West,Enterprise,7.0,801.92,0.0,5613.44,Rep03
ORD-00162,2024-07-09,Wireless Mouse,Accessories,South,Startup,2.0,1096.73,0.1,1974.11,Rep02
ORD-00163,2024-07-29,Noise Cancelling Headphones,Accessories,East,Government,9.0,1417.35,0.1,11480.53,Rep02
ORD-00164,2024-09-16,USB-C Hub,Accessories,South,Education,10.0,801.74,0.0,8017.4,Rep16
ORD-00165,2024-02-28,27-inch Monitor,Electronics,East,Startup,2.0,894.77,0.05,1700.06,Rep08
ORD-00166,2024-11-10,Desk Lamp,Furniture,Central,Enterprise,9.0,2437.12,0.15,18643.97,Rep20
ORD-00167,2024-06-07,USB-C Hub,Accessories,East,Individual,1.0,475.62,0.1,428.06,Rep01
ORD-00168,2024-03-13,Mechanical Keyboard,Accessories,North,Enterprise,3.0,1428.8,0.05,4072.08,Rep17
ORD-00169,2024-07-08,27-inch Monitor,Electronics,East,Individual,7.0,1066.98,0.05,7095.42,Rep19
ORD-00170,2024-11-12,Noise Cancelling Headphones,Accessories,North,Enterprise,2.0,2211.85,0.0,4423.7,Rep09
ORD-00171,2024-05-19,External SSD,Electronics,South,Startup,7.0,1229.57,0.05,8176.64,Rep04
ORD-00172,2024-10-30,Webcam HD,Electronics,West,Startup,7.0,303.89,0.1,,Rep10
ORD-00173,2024-01-04,Laptop Pro,Electronics,South,Individual,4.0,1006.29,0.05,3823.9,Rep07
ORD-00174,2024-09-11,Mechanical Keyboard,Accessories,West,Education,5.0,744.92,0.0,3724.6,Rep05
ORD-00175,2024-12-08,Desk Lamp,Furniture,East,Enterprise,9.0,1768.06,0.05,15116.91,Rep13
ORD-00176,2024-06-09,Laptop Pro,Electronics,Central,Government,7.0,76.28,0.15,453.87,Rep19
ORD-00177,2024-06-15,Desk Lamp,Furniture,South,Startup,7.0,745.09,0.05,4954.85,Rep15
ORD-00178,2024-08-11,Webcam HD,Electronics,Central,Government,2.0,1108.67,0.0,2217.34,Rep17
ORD-00179,2024-04-23,Wireless Mouse,Accessories,East,Education,7.0,2180.19,0.1,13735.2,Rep03
ORD-00180,2024-06-27,Tablet Stand,Furniture,East,Education,2.0,1340.58,0.0,2681.16,Rep08
ORD-00181,2024-03-19,Wireless Mouse,Accessories,North,Education,3.0,662.23,0.0,1986.69,Rep16
ORD-00182,2024-10-16,External SSD,Electronics,Central,Individual,10.0,1906.89,0.05,18115.46,Rep11
ORD-00183,2024-06-04,Mechanical Keyboard,Accessories,East,Startup,8.0,198.66,0.05,1509.82,Rep02
ORD-00184,2024-01-20,Webcam HD,Electronics,North,Individual,9.0,213.24,0.05,1823.2,Rep10
ORD-00185,2024-08-24,Wireless Mouse,Accessories,Central,Startup,2.0,1549.06,0.05,2943.21,Rep02
ORD-00186,2024-08-31,External SSD,Electronics,Central,Education,10.0,1640.03,0.05,,Rep02
ORD-00187,2024-02-13,External SSD,Electronics,Central,Education,2.0,2033.08,0.15,3456.24,Rep02
ORD-00188,2024-11-08,27-inch Monitor,Electronics,South,Individual,8.0,2477.73,0.05,,Rep12
ORD-00189,2024-11-02,USB-C Hub,Accessories,North,Individual,7.0,1039.65,0.05,6913.67,Rep03
ORD-00190,2024-05-09,Webcam HD,Electronics,Central,Education,2.0,1408.16,0.05,2675.5,Rep11
ORD-00191,2024-06-07,Wireless Mouse,Accessories,West,Education,10.0,1669.11,0.15,14187.43,Rep20
ORD-00192,2024-06-17,Wireless Mouse,Accessories,South,Startup,5.0,1410.53,0.1,6347.39,Rep03
ORD-00193,2024-04-02,Desk Lamp,Furniture,South,Individual,9.0,923.71,0.05,7897.72,Rep16
ORD-00194,2024-05-31,27-inch Monitor,Electronics,North,Startup,4.0,2499.93,0.0,9999.72,Rep18
ORD-00195,2024-11-12,Tablet Stand,Furniture,South,Startup,1.0,1664.96,0.15,1415.22,Rep13
ORD-00196,2024-11-15,Mechanical Keyboard,Accessories,South,Government,3.0,476.68,0.1,1287.04,Rep02
ORD-00197,2024-08-15,Desk Lamp,Furniture,Central,Individual,6.0,1700.61,0.0,10203.66,Rep15
ORD-00198,2024-08-28,27-inch Monitor,Electronics,South,Individual,9.0,620.74,0.2,4469.33,Rep19
ORD-00199,2024-09-14,External SSD,Electronics,Central,Government,8.0,1930.5,0.1,13899.6,Rep06
ORD-00200,2024-11-24,27-inch Monitor,Electronics,West,Individual,10.0,371.83,0.0,3718.3,Rep18
ORD-00201,2024-03-23,Wireless Mouse,Accessories,East,Government,9.0,2132.37,0.0,19191.33,Rep17
ORD-00202,2024-08-18,Mechanical Keyboard,Accessories,East,Enterprise,7.0,256.52,0.15,1526.29,Rep14
ORD-00203,2024-02-11,Laptop Pro,Electronics,East,Education,7.0,1269.95,0.0,8889.65,Rep01
ORD-00204,2024-03-15,Webcam HD,Electronics,South,Enterprise,2.0,2102.76,0.1,3784.97,Rep10
ORD-00205,2024-11-11,External SSD,Electronics,North,Enterprise,3.0,1904.33,0.05,5427.34,Rep01
ORD-00206,2024-11-07,USB-C Hub,Accessories,Central,Government,4.0,2092.35,0.05,7950.93,Rep04
ORD-00207,2024-08-02,USB-C Hub,Accessories,Central,Government,4.0,773.83,0.0,3095.32,Rep03
ORD-00208,2024-09-20,Wireless Mouse,Accessories,Central,Education,8.0,1503.94,0.0,12031.52,Rep05
ORD-00209,2024-10-19,USB-C Hub,Accessories,West,Education,7.0,33.85,0.05,225.1,Rep03
ORD-00210,2024-09-16,Tablet Stand,Furniture,Central,Startup,6.0,197.16,0.05,1123.81,Rep01
ORD-00211,2024-07-10,Desk Lamp,Furniture,East,Enterprise,8.0,137.52,0.05,1045.15,Rep12
ORD-00212,2024-02-23,Wireless Mouse,Accessories,Central,Individual,6.0,625.57,0.1,3378.08,Rep05
ORD-00213,2024-03-30,Laptop Pro,Electronics,West,Government,6.0,1378.64,0.15,7031.06,Rep06
ORD-00214,2024-01-19,Mechanical Keyboard,Accessories,East,Education,,1798.62,0.15,3057.65,Rep02
ORD-00215,2024-07-22,27-inch Monitor,Electronics,Central,Government,1.0,809.51,0.05,769.03,Rep09
ORD-00216,2024-01-25,Laptop Pro,Electronics,East,Individual,4.0,736.68,0.15,2504.71,Rep04
ORD-00217,2024-07-16,Webcam HD,Electronics,East,Education,7.0,2227.02,0.1,14030.23,Rep16
ORD-00218,2024-02-12,External SSD,Electronics,West,Enterprise,6.0,2313.04,0.05,13184.33,Rep14
ORD-00219,2024-02-10,Noise Cancelling Headphones,Accessories,East,Individual,3.0,1377.31,0.05,3925.33,Rep10
ORD-00220,2024-08-15,External SSD,Electronics,East,Government,10.0,1802.62,0.0,18026.2,Rep02
ORD-00221,2024-01-30,Webcam HD,Electronics,North,Government,10.0,2495.42,0.0,24954.2,Rep12
ORD-00222,2024-11-07,Tablet Stand,Furniture,West,Enterprise,3.0,2383.38,0.0,7150.14,Rep05
ORD-00223,2024-07-15,Wireless Mouse,Accessories,Central,Enterprise,4.0,1952.92,0.05,7421.1,Rep20
ORD-00224,2024-02-09,Mechanical Keyboard,Accessories,Central,Education,8.0,2373.58,0.05,18039.21,Rep17
ORD-00225,2024-02-28,Webcam HD,Electronics,North,Education,7.0,806.52,0.0,5645.64,Rep16
ORD-00226,2024-05-13,Tablet Stand,Furniture,West,Education,7.0,2286.44,0.0,16005.08,Rep20
ORD-00227,2024-02-07,USB-C Hub,Accessories,West,Education,8.0,524.43,0.0,4195.44,Rep15
ORD-00228,2024-10-08,Wireless Mouse,Accessories,Central,Individual,6.0,1679.55,0.1,9069.57,Rep10
ORD-00229,2024-03-03,Mechanical Keyboard,Accessories,South,Education,3.0,1990.42,0.05,5672.7,Rep08
ORD-00230,2024-08-27,External SSD,Electronics,Central,Education,1.0,921.4,0.05,875.33,Rep20
ORD-00231,2024-09-02,Wireless Mouse,Accessories,Central,Government,2.0,793.94,0.2,1270.3,Rep14
ORD-00232,2024-02-07,Noise Cancelling Headphones,Accessories,West,Government,2.0,339.55,0.05,645.14,Rep17
ORD-00233,2024-11-23,Webcam HD,Electronics,Central,Education,3.0,2198.55,0.1,5936.09,Rep05
ORD-00234,2024-03-04,Desk Lamp,Furniture,Central,Education,9.0,2279.45,0.0,20515.05,Rep10
ORD-00235,2024-06-26,Mechanical Keyboard,Accessories,Central,Individual,3.0,826.96,0.1,2232.79,Rep03
ORD-00236,2024-03-05,USB-C Hub,Accessories,East,Startup,4.0,1598.58,0.05,6074.6,Rep18
ORD-00237,2024-10-24,Wireless Mouse,Accessories,South,Education,9.0,1613.23,0.05,13793.12,Rep20
ORD-00238,2024-01-15,Noise Cancelling Headphones,Accessories,North,Enterprise,6.0,2111.04,0.05,12032.93,Rep19
ORD-00239,2024-11-23,USB-C Hub,Accessories,North,Government,4.0,1924.38,0.05,7312.64,Rep18
ORD-00240,2024-12-16,USB-C Hub,Accessories,West,Individual,5.0,1222.86,0.15,5197.15,Rep15
ORD-00241,2024-08-25,Wireless Mouse,Accessories,South,Individual,1.0,420.45,0.05,399.43,Rep20
ORD-00242,2024-06-25,Mechanical Keyboard,Accessories,West,Education,6.0,2157.86,0.05,12299.8,Rep12
ORD-00243,2024-03-03,Tablet Stand,Furniture,East,Government,9.0,292.26,0.0,2630.34,Rep08
ORD-00244,2024-11-11,Mechanical Keyboard,Accessories,West,Education,2.0,154.99,0.15,263.48,Rep06
ORD-00245,2024-03-22,Webcam HD,Electronics,West,Startup,10.0,1811.18,0.0,18111.8,Rep15
ORD-00246,2024-07-20,External SSD,Electronics,Central,Government,5.0,1258.49,0.0,6292.45,Rep08
ORD-00247,2024-09-10,27-inch Monitor,Electronics,Central,Government,10.0,901.64,0.0,9016.4,Rep10
ORD-00248,2024-05-15,Tablet Stand,Furniture,East,Government,1.0,2122.51,0.05,2016.38,Rep12
ORD-00249,2024-07-04,Laptop Pro,Electronics,Central,Individual,7.0,156.35,0.05,1039.73,Rep03
ORD-00250,2024-11-15,Desk Lamp,Furniture,Central,Enterprise,9.0,1142.37,0.05,9767.26,Rep05
ORD-00251,2024-10-12,Wireless Mouse,Accessories,East,Education,7.0,951.79,0.2,5330.02,Rep07
ORD-00252,2024-01-20,Noise Cancelling Headphones,Accessories,South,Individual,9.0,1021.42,0.0,9192.78,Rep16
ORD-00253,2024-03-12,Tablet Stand,Furniture,East,Startup,8.0,397.87,0.15,2705.52,Rep11
ORD-00254,2024-06-02,Mechanical Keyboard,Accessories,Central,Individual,7.0,2476.81,0.1,15603.9,Rep17
ORD-00255,2024-08-31,Tablet Stand,Furniture,North,Individual,9.0,1239.91,0.05,10601.23,Rep11
ORD-00256,2024-12-18,Wireless Mouse,Accessories,North,Startup,7.0,1471.73,0.1,9271.9,Rep16
ORD-00257,2024-10-25,USB-C Hub,Accessories,West,Education,10.0,1456.75,0.1,13110.75,Rep17
ORD-00258,2024-01-17,Noise Cancelling Headphones,Accessories,Central,Enterprise,7.0,395.0,0.1,2488.5,Rep07
ORD-00259,2024-12-19,Laptop Pro,Electronics,South,Government,8.0,804.81,0.0,6438.48,Rep17
ORD-00260,2024-02-01,Noise Cancelling Headphones,Accessories,South,Startup,8.0,2185.85,0.1,15738.12,Rep07
ORD-00261,2024/07/11,Tablet Stand,Furniture,East,Education,6.0,2495.35,0.05,14223.49,Rep15
ORD-00262,2024-12-14,Tablet Stand,Furniture,East,Startup,6.0,1379.28,0.1,7448.11,Rep16
ORD-00263,2024-06-01,27-inch Monitor,Electronics,East,Education,4.0,719.14,0.0,2876.56,Rep16
ORD-00264,2024-05-20,Webcam HD,Electronics,East,Enterprise,8.0,891.53,0.15,6062.4,Rep19
ORD-00265,2024-06-25,Tablet Stand,Furniture,South,Individual,7.0,2242.52,0.05,,Rep02
ORD-00266,2024-05-11,USB-C Hub,Accessories,West,Education,2.0,885.51,0.05,1682.47,Rep07
ORD-00267,2024-03-11,Tablet Stand,Furniture,North,Startup,5.0,2334.56,0.1,10505.52,Rep19
ORD-00268,2024-04-25,27-inch Monitor,Electronics,South,Enterprise,4.0,155.38,0.15,528.29,Rep04
ORD-00269,2024-03-11,Desk Lamp,Furniture,North,Startup,6.0,1801.86,0.0,10811.16,Rep06
ORD-00270,2024-05-27,Desk Lamp,Furniture,East,Individual,8.0,1209.29,0.0,9674.32,Rep02
ORD-00271,2024-01-20,Wireless Mouse,Accessories,South,Government,10.0,603.57,0.1,5432.13,Rep06
ORD-00272,2024-05-28,Laptop Pro,Electronics,North,Enterprise,7.0,1976.25,0.0,13833.75,Rep10
ORD-00273,2024-05-25,Noise Cancelling Headphones,Accessories,West,Startup,10.0,295.02,0.2,2360.16,Rep17
ORD-00274,2024-04-08,External SSD,Electronics,North,Individual,3.0,2132.11,0.05,,Rep06
ORD-00275,2024-06-21,External SSD,Electronics,East,Startup,5.0,1804.93,0.0,9024.65,Rep07
ORD-00276,2024-08-06,Mechanical Keyboard,Accessories,Central,Individual,10.0,2144.67,0.15,18229.69,Rep03
ORD-00277,2024-06-14,Desk Lamp,Furniture,South,Enterprise,2.0,486.4,0.0,972.8,Rep09
ORD-00278,2024-06-17,Desk Lamp,Furniture,East,Startup,4.0,1133.43,0.0,4533.72,Rep19
ORD-00279,2024-02-01,Laptop Pro,Electronics,North,Government,5.0,1644.59,0.1,7400.65,Rep10
ORD-00280,2024-12-26,Mechanical Keyboard,Accessories,East,Enterprise,7.0,1724.59,0.15,10261.31,Rep10
ORD-00281,2024-09-01,Webcam HD,Electronics,,Government,10.0,575.49,0.2,4603.92,Rep20
ORD-00282,2024-10-02,Webcam HD,Electronics,South,Education,7.0,1763.78,0.15,10494.49,Rep20
ORD-00283,2024-02-09,Wireless Mouse,Accessories,Central,Enterprise,9.0,1133.46,0.1,9181.03,Rep02
ORD-00284,2024-03-25,Tablet Stand,Furniture,East,Startup,9.0,529.32,0.05,4525.69,Rep15
ORD-00285,2024-09-18,Wireless Mouse,Accessories,West,Enterprise,4.0,1800.78,0.05,6842.96,Rep15
ORD-00286,2024-10-13,Mechanical Keyboard,Accessories,West,Individual,9.0,1056.09,0.05,9029.57,Rep01
ORD-00287,2024-10-23,Desk Lamp,Furniture,North,Enterprise,5.0,2046.63,0.1,9209.84,Rep14
ORD-00288,2024-02-05,Webcam HD,Electronics,West,Enterprise,2.0,1366.66,0.0,2733.32,Rep10
ORD-00289,2024-11-26,Desk Lamp,Furniture,West,Individual,3.0,1929.35,0.1,5209.24,Rep13
ORD-00290,2024-12-04,External SSD,Electronics,Central,Education,7.0,957.83,0.1,6034.33,Rep12
ORD-00291,2024-03-06,Wireless Mouse,Accessories,South,Enterprise,3.0,2482.32,0.05,7074.61,Rep01
ORD-00292,2024-09-29,USB-C Hub,Accessories,West,Education,,1693.53,0.05,12870.83,Rep08
ORD-00293,2024-02-27,External SSD,Electronics,North,Government,6.0,413.14,0.0,,Rep20
ORD-00294,2024-01-18,Laptop Pro,Electronics,West,Startup,4.0,539.01,0.0,2156.04,Rep02
ORD-00295,2024-04-21,27-inch Monitor,Electronics,,Education,1.0,1023.59,0.0,1023.59,Rep17
ORD-00296,2024-06-12,USB-C Hub,Accessories,Central,Startup,4.0,2044.98,0.1,7361.93,Rep11
ORD-00297,2024-09-23,27-inch Monitor,Electronics,South,Government,5.0,2194.35,0.2,8777.4,Rep10
ORD-00298,2024-03-30,USB-C Hub,Accessories,West,Startup,1.0,1405.08,0.05,1334.83,Rep16
ORD-00299,2024-09-25,Laptop Pro,Electronics,East,Government,6.0,2355.71,0.1,12720.83,Rep14
ORD-00300,2024-08-30,Mechanical Keyboard,Accessories,South,Education,,959.85,0.1,4319.32,Rep10
ORD-00301,2024-08-01,Mechanical Keyboard,Accessories,Central,Startup,,2289.4,0.05,17399.44,Rep05
ORD-00302,2024-02-10,Desk Lamp,Furniture,West,Individual,4.0,659.83,0.05,2507.35,Rep03
ORD-00303,2024-11-05,Tablet Stand,Furniture,Central,Enterprise,4.0,157.29,0.05,597.7,Rep03
ORD-00304,2024-09-02,27-inch Monitor,Electronics,South,Individual,10.0,1819.02,0.05,17280.69,Rep10
ORD-00305,2024-03-01,Laptop Pro,Electronics,West,Education,4.0,2344.77,0.2,7503.26,Rep20
ORD-00306,2024-05-24,27-inch Monitor,Electronics,West,Government,7.0,2290.35,0.05,15230.83,Rep18
ORD-00307,2024-09-11,Webcam HD,Electronics,West,Enterprise,5.0,676.05,0.05,3211.24,Rep16
ORD-00308,2024-10-15,Webcam HD,Electronics,South,Education,4.0,945.63,0.05,3593.39,Rep01
ORD-00309,2024-08-01,USB-C Hub,Accessories,East,Education,,2338.84,0.05,19997.08,Rep07
ORD-00310,2024-09-12,Webcam HD,Electronics,Central,Individual,4.0,968.19,0.15,3291.85,Rep09
ORD-00311,2024-06-29,External SSD,Electronics,South,Education,8.0,1168.24,0.1,8411.33,Rep18
ORD-00312,2024-11-24,External SSD,Electronics,North,Startup,3.0,2294.73,0.05,6539.98,Rep02
ORD-00313,2024-11-18,Wireless Mouse,Accessories,,Enterprise,1.0,1917.91,0.05,1822.01,Rep05
ORD-00314,2024-11-12,Laptop Pro,Electronics,Central,Government,4.0,1279.15,0.05,4860.77,Rep16
ORD-00315,2024-01-09,Laptop Pro,Electronics,Central,Individual,1.0,1344.55,0.05,1277.32,Rep18
ORD-00316,2024-08-08,USB-C Hub,Accessories,,Enterprise,1.0,1270.46,0.1,1143.41,Rep04
ORD-00317,2024-05-09,Tablet Stand,Furniture,East,Individual,3.0,625.18,0.1,1687.99,Rep13
ORD-00318,2024-05-04,Wireless Mouse,Accessories,South,Individual,6.0,2399.46,0.05,13676.92,Rep03
ORD-00319,2024-08-31,Laptop Pro,Electronics,North,Enterprise,2.0,1031.03,0.05,1958.96,Rep06
ORD-00320,2024-06-18,Wireless Mouse,Accessories,Central,Enterprise,8.0,2117.95,0.1,15249.24,Rep17
ORD-00321,2024-10-17,Laptop Pro,Electronics,West,Individual,4.0,552.19,0.15,1877.45,Rep02
ORD-00322,2024-01-17,Wireless Mouse,Accessories,South,Individual,5.0,2251.29,0.05,10693.63,Rep01
ORD-00323,2024-07-22,27-inch Monitor,Electronics,North,Individual,10.0,386.14,0.15,3282.19,Rep06
ORD-00324,2024-12-12,Noise Cancelling Headphones,Accessories,Central,Individual,4.0,1429.73,0.15,4861.08,Rep13
ORD-00325,2024-01-28,Mechanical Keyboard,Accessories,North,Government,2.0,1266.95,0.2,2027.12,Rep08
ORD-00326,2024-10-31,Wireless Mouse,Accessories,West,Individual,6.0,1524.76,0.1,8233.7,Rep01
ORD-00327,2024-07-11,USB-C Hub,Accessories,West,Education,8.0,1241.78,0.05,9437.53,Rep19
ORD-00328,2024-05-06,Desk Lamp,Furniture,North,Enterprise,2.0,1937.24,0.0,3874.48,Rep09
ORD-00329,2024-07-18,Mechanical Keyboard,Accessories,East,Individual,7.0,1787.83,0.1,11263.33,Rep04
ORD-00330,2024-05-18,Wireless Mouse,Accessories,North,Education,1.0,2359.1,0.05,2241.14,Rep03
ORD-00331,2024-07-27,Mechanical Keyboard,Accessories,North,Enterprise,7.0,1138.63,0.05,7571.89,Rep03
ORD-00332,2024-06-15,Webcam HD,Electronics,West,Enterprise,9.0,259.86,0.05,2221.8,Rep10
ORD-00333,2024-10-13,Desk Lamp,Furniture,South,Startup,7.0,1954.54,0.1,12313.6,Rep17
ORD-00334,2024-05-17,Mechanical Keyboard,Accessories,West,Education,7.0,448.66,0.0,3140.62,Rep03
ORD-00335,2024-02-09,Mechanical Keyboard,Accessories,East,Individual,7.0,711.62,0.0,4981.34,Rep08
ORD-00336,2024-03-10,External SSD,Electronics,East,Enterprise,10.0,1553.16,0.05,14755.02,Rep13
ORD-00337,2024-08-13,Webcam HD,Electronics,East,Government,10.0,968.32,0.15,8230.72,Rep20
ORD-00338,2024-04-12,Mechanical Keyboard,Accessories,West,Individual,5.0,822.03,0.15,3493.63,Rep06
ORD-00339,2024-09-08,Desk Lamp,Furniture,Central,Education,6.0,749.87,0.1,4049.3,Rep11
ORD-00340,2024-02-28,Desk Lamp,Furniture,Central,Education,5.0,2046.73,0.05,9721.97,Rep19
ORD-00341,2024-08-24,Tablet Stand,Furniture,South,Government,3.0,1713.82,0.05,4884.39,Rep10
ORD-00342,2024-06-04,Wireless Mouse,Accessories,South,Individual,7.0,1692.24,0.0,11845.68,Rep05
ORD-00343,2024-09-02,Desk Lamp,Furniture,Central,Government,7.0,212.68,0.2,1191.01,Rep18
ORD-00344,2024-07-03,Tablet Stand,Furniture,Central,Startup,7.0,1372.79,0.1,8648.58,Rep03
ORD-00345,2024-11-27,Wireless Mouse,Accessories,Central,Enterprise,4.0,1654.27,0.05,6286.23,Rep19
ORD-00346,2024-01-06,Desk Lamp,Furniture,North,Individual,6.0,2415.31,0.05,13767.27,Rep08
ORD-00347,2024-04-23,Tablet Stand,Furniture,West,Individual,9.0,1408.23,0.1,11406.66,Rep13
ORD-00348,2024-01-13,External SSD,Electronics,West,Enterprise,10.0,1735.37,0.0,17353.7,Rep10
ORD-00349,2024-03-13,Desk Lamp,Furniture,East,Individual,2.0,316.68,0.15,538.36,Rep11
ORD-00350,2024-02-19,External SSD,Electronics,,Government,4.0,1317.14,0.05,,Rep11
ORD-00351,2024-01-12,Wireless Mouse,Accessories,East,Enterprise,5.0,140.36,0.1,631.62,Rep06
ORD-00352,2024-10-13,27-inch Monitor,Electronics,West,Government,9.0,460.89,0.0,4148.01,Rep08
ORD-00353,2024-07-21,Desk Lamp,Furniture,North,Startup,3.0,490.37,0.1,1324.0,Rep07
ORD-00354,2024-04-19,External SSD,Electronics,South,Individual,10.0,1090.99,0.0,10909.9,Rep03
ORD-00355,2024-07-06,Noise Cancelling Headphones,Accessories,East,Education,2.0,2004.76,0.05,3809.04,Rep15
ORD-00356,2024-11-23,Wireless Mouse,Accessories,East,Startup,5.0,1686.62,0.05,8011.44,Rep13
ORD-00357,2024-08-22,Noise Cancelling Headphones,Accessories,Central,Education,7.0,1479.89,0.05,9841.27,Rep10
ORD-00358,2024-03-01,Noise Cancelling Headphones,Accessories,South,Individual,10.0,239.33,0.0,,Rep04
ORD-00359,2024-08-02,Mechanical Keyboard,Accessories,Central,Education,6.0,1742.78,0.05,9933.85,Rep19
ORD-00360,2024-12-21,Desk Lamp,Furniture,South,Startup,7.0,488.8,0.1,3079.44,Rep06
ORD-00361,2024-08-18,External SSD,Electronics,Central,Enterprise,5.0,376.52,0.05,1788.47,Rep12
ORD-00362,2024-10-14,Laptop Pro,Electronics,Central,Government,8.0,367.23,0.15,2497.16,Rep14
ORD-00363,2024-03-26,External SSD,Electronics,North,Startup,7.0,1784.04,0.05,11863.87,Rep01
ORD-00364,2024-05-27,27-inch Monitor,Electronics,South,Government,5.0,110.75,0.0,553.75,Rep19
ORD-00365,2024-05-17,External SSD,Electronics,Central,Individual,9.0,1291.68,0.05,11043.86,Rep18
ORD-00366,2024-02-22,Laptop Pro,Electronics,South,Individual,8.0,1379.48,0.2,8828.67,Rep02
ORD-00367,2024-08-12,External SSD,Electronics,North,Education,5.0,890.98,0.15,3786.66,Rep07
ORD-00368,2024-08-07,Noise Cancelling Headphones,Accessories,South,Startup,6.0,2156.78,0.1,11646.61,Rep05
ORD-00369,2024-09-29,27-inch Monitor,Electronics,East,Startup,4.0,2019.43,0.05,7673.83,Rep18
ORD-00370,2024-10-20,Mechanical Keyboard,Accessories,East,Startup,6.0,2448.12,0.0,14688.72,Rep04
ORD-00371,2024-12-01,Mechanical Keyboard,Accessories,South,Education,7.0,2299.35,0.2,12876.36,Rep08
ORD-00372,2024-12-12,Mechanical Keyboard,Accessories,West,Government,6.0,2076.34,0.1,11212.24,Rep05
ORD-00373,2024-02-08,Noise Cancelling Headphones,Accessories,North,Government,5.0,1580.69,0.05,7508.28,Rep17
ORD-00374,2024-10-24,USB-C Hub,Accessories,North,Enterprise,6.0,1153.09,0.05,6572.61,Rep15
ORD-00375,2024-08-07,Webcam HD,Electronics,South,Government,2.0,1995.31,0.05,3791.09,Rep09
ORD-00376,2024-10-16,Webcam HD,Electronics,West,Individual,5.0,864.25,0.05,4105.19,Rep02
ORD-00377,2024-01-09,Laptop Pro,Electronics,North,Education,2.0,1576.65,0.15,2680.31,Rep15
ORD-00378,2024-12-18,External SSD,Electronics,South,Individual,1.0,2479.83,0.05,2355.84,Rep06
ORD-00379,2024-07-09,USB-C Hub,Accessories,South,Enterprise,2.0,1646.82,0.0,3293.64,Rep13
ORD-00380,2024/02/18,USB-C Hub,Accessories,North,Education,4.0,1090.19,0.0,4360.76,Rep16
ORD-00381,2024-08-15,Wireless Mouse,Accessories,North,Enterprise,3.0,1496.38,0.05,4264.68,Rep11
ORD-00382,2024-04-27,Wireless Mouse,Accessories,West,Enterprise,7.0,1744.25,0.05,11599.26,Rep04
ORD-00383,2024-07-14,Wireless Mouse,Accessories,South,Education,6.0,937.87,0.0,5627.22,Rep03
ORD-00384,2024-08-13,Tablet Stand,Furniture,East,Education,10.0,50.92,0.1,458.28,Rep05
ORD-00385,2024-02-14,Desk Lamp,Furniture,North,Education,10.0,1725.81,0.15,14669.38,Rep04
ORD-00386,2024-03-12,Noise Cancelling Headphones,Accessories,South,Individual,7.0,898.28,0.05,5973.56,Rep03
ORD-00387,2024-05-25,27-inch Monitor,Electronics,North,Individual,,1514.46,0.1,12267.13,Rep07
ORD-00388,2024-05-31,Tablet Stand,Furniture,North,Education,10.0,1288.51,0.1,11596.59,Rep16
ORD-00389,2024-02-06,Desk Lamp,Furniture,Central,Enterprise,2.0,625.46,0.1,1125.83,Rep12
ORD-00390,2024-08-03,Webcam HD,Electronics,East,Startup,,985.48,0.15,2512.97,Rep06
ORD-00391,2024-05-14,External SSD,Electronics,South,Enterprise,2.0,71.21,0.0,142.42,Rep02
ORD-00392,2024-07-31,Desk Lamp,Furniture,West,Government,9.0,737.61,0.1,5974.64,Rep03
ORD-00393,2024-06-07,Tablet Stand,Furniture,North,Startup,9.0,1551.63,0.0,13964.67,Rep07
ORD-00394,2024-11-28,Mechanical Keyboard,Accessories,North,Individual,9.0,837.06,0.05,7156.86,Rep14
ORD-00395,2024-02-29,27-inch Monitor,Electronics,West,Startup,1.0,633.85,0.15,538.77,Rep20
ORD-00396,2024-03-30,Laptop Pro,Electronics,North,Enterprise,5.0,1675.21,0.1,7538.44,Rep05
ORD-00397,2024-09-21,Laptop Pro,Electronics,East,Education,3.0,1256.13,0.05,3579.97,Rep12
ORD-00398,2024-01-16,Mechanical Keyboard,Accessories,East,Government,5.0,1840.34,0.0,9201.7,Rep09
ORD-00399,2024-11-17,Tablet Stand,Furniture,North,Government,2.0,679.48,0.2,1087.17,Rep15
ORD-00400,2024-03-26,Tablet Stand,Furniture,East,Education,6.0,166.92,0.15,851.29,Rep09
ORD-00396,2024-03-30,Laptop Pro,Electronics,North,Enterprise,,1675.21,0.1,,Rep05
ORD-00053,2024-06-18,Tablet Stand,Furniture,North,Enterprise,7.0,1708.4,0.15,10164.98,Rep09
ORD-00294,2024-01-18,Laptop Pro,Electronics,West,Startup,4.0,539.01,0.0,2156.04,Rep02
ORD-00346,2024-01-06,Desk Lamp,Furniture,North,Individual,6.0,2415.31,0.05,13767.27,Rep08
ORD-00371,2024-12-01,Mechanical Keyboard,Accessories,South,Education,7.0,2299.35,0.2,12876.36,Rep08
ORD-00060,2024-08-14,Desk Lamp,Furniture,West,Education,10.0,1528.44,0.05,14520.18,Rep17
